#ratio,mean_deploy,mean_fiber_cost,mean_radio_cost,mean_router_cost,ci_deploy,ci_fiber_cost,ci_radio_cost,ci_router_cost,relayratio_mean,relayratio_ci,sum
0.25,444.14463682312015,215.47497144748385,655.301745229028,136.05036658510065,4.280762380045684,18.63607644532506,4.793823278493447,2.1930510454911976,0.2020094053649741,0.0031876689174685524,1450.9717200847326
0.5,376.5900370892463,169.7967894458978,544.0684686293677,114.00135989882072,3.6382282309182505,13.293100292414957,4.7029620730811725,1.5075131030882365,0.16069852804401266,0.0026064909872217748,1204.4566550633326
1.0,293.77426231367724,104.49618580764174,416.13051987698896,87.89368149251675,3.236060882767565,7.248592561415739,4.634528438461607,1.1921016282107206,0.11766300694045634,0.00206391751016794,902.2946494908247
