#ratio,mean_deploy,mean_fiber_cost,mean_radio_cost,mean_router_cost,ci_deploy,ci_fiber_cost,ci_radio_cost,ci_router_cost,relayratio_mean,relayratio_ci,sum
0.25,590.7763832909625,371.806406532593,174.05036864690672,226.34255181931604,14.989925468594075,53.61738626124857,3.1722916031923676,7.467927274681946,0.24720375340885847,0.024481831822616804,1362.9757102897781
0.5,520.5513720638445,255.12367647847287,149.43240745370215,203.35104911250738,13.182866884024907,38.310481093480135,3.1991374807538837,5.975722651834305,0.21303496627468738,0.01408024313467397,1128.4585051085269
1.0,416.0300708295477,155.6363298273068,116.95748698233133,163.49308944294606,9.688031993001594,20.12741805370108,2.8360153353157056,3.7704421475012158,0.15867874018046893,0.01306451296775384,852.1169770821319
