#ratio,mean_deploy,mean_fiber_cost,mean_radio_cost,mean_router_cost,ci_deploy,ci_fiber_cost,ci_radio_cost,ci_router_cost,relayratio_mean,relayratio_ci,sum
0.25,514.384718943185,371.806406532593,139.78342597094922,171.77707728518922,13.675896061630521,53.61738626124858,2.4275492704100174,6.824382586770365,0.2586302073373259,0.009709971651897912,1197.7516287319165
0.5,448.3256354569063,255.12367647847287,117.37238505930286,151.7612372504086,11.056278530883489,38.310481093480135,2.4709961543772057,4.566793419401957,0.22184925693542357,0.010439950216831272,972.5829342450907
1.0,355.50384995486866,155.6363298273068,90.26214575864759,120.260074532461,8.49426026160512,20.12741805370108,2.2658604016806105,3.1228633909809163,0.1701628560142541,0.00823893791359059,721.6624000732841
