#failed,mean_dijkstra_1,mean_dijkstra_2,mean_espfp_2,ci_dijkstra_1,ci_dijkstra_2,ci_espfp_2
0,0.9195085647080031,0.9195085647080031,0.9195085647080031,0.00377787513388465,0.00377787513388465,0.00377787513388465
1,0.6104466271447688,0.8317426944243229,0.9020708931891465,0.009857454094692197,0.005502186107112622,0.004288458077178901
2,0.39027179659146116,0.6812325499994855,0.7620228763956309,0.011276298472859169,0.010397378495708926,0.010974756872365403
3,0.26822584563377844,0.5763185210411176,0.6675492398831978,0.01012092404263825,0.010911171182803854,0.011429966427925889
4,0.1752409425198097,0.4489100458886264,0.5228694090495963,0.009186128689926125,0.01268233757258392,0.014248909826063612
