#ratio,fiber_cost_mean,fiber_cost_ci,transport_cost_mean,transport_cost_ci,unplanned_cost_mean,unplanned_cost_ci,capex_mean,capex_ci,recurring,sum
0.25,1.5047957906300362,0.09961186958980646,11.03244169226982,1.4007019863497026,2.4278442253705212,0.05614782600380974,15.715071816571953,0.7925577362488602,14.965081708270377,30.680153524842332
0.5,1.3696295123952802,0.071352858924517,5.9816345246806,0.7080258693614093,1.9773020464487607,0.047425856615448056,13.120398524301468,0.6140396802518513,9.328566083524642,22.44896460782611
1.0,1.1745140006360435,0.026663136835306994,3.2083558731306105,0.2256240908649844,1.5529573257342038,0.036371822316557174,9.634029160576636,0.34988007222592665,5.935827199500858,15.569856360077495
