#ratio,fiber_cost_mean,fiber_cost_ci,transport_cost_mean,transport_cost_ci,unplanned_cost_mean,unplanned_cost_ci,power_consumption_mean,power_consumption_ci,capex_mean,capex_ci,recurring,sum
0.25,3.4302704441936442,0.1418043115218718,11.930742322138187,1.2415806609363615,5.076814368827019,0.10503143967185657,6.043356730448406,0.10927087516467393,28.758863002866374,1.2545917444196306,20.437827135158848,49.19669013802522
0.5,3.3596440520080106,0.11878585354534174,7.013554915359924,0.5986400833232539,4.399987151829724,0.09533304312212697,5.214111908181892,0.1151490929091611,23.98087421670425,1.0289673162358743,14.773186119197657,38.75406033590191
1.0,3.0492820369728615,0.05469178129833494,4.533201527356093,0.5288983386869588,3.6198681845663363,0.07607151575075671,4.1204385366339835,0.09869324978163278,18.26016874114055,0.6169252630677989,11.20235174889529,29.462520490035843
