#cluster_size,mean_25,mean_50,mean_100,ci_25,ci_50,ci_100
50,445.664204732918,267.67866542507466,172.7953248138415,29.48157385078176,15.060262026276474,7.865110991768537
100,350.1148131188301,213.3565290808617,129.45203639992565,26.699456750874912,14.174390995666712,7.627253784373459
200,215.47497144748385,169.7967894458978,104.49618580764174,18.63607644532506,13.293100292414957,7.248592561415739
