#ratio,mean,ci
0.25,334.1108092596136,0.1151820942870987
0.5,334.77750467613436,0.06301602282050549
1.0,335.11510160820205,0.039288124145895345
