#ratio,mean,ci
0.25,335.5781195250146,0.05479382078421418
0.5,335.8170570792128,0.022133252754203688
1.0,335.88541553637486,0.01256470119673384
