#ratio,mean,ci
0.25,1403.8002258127312,7.3014187011147875
0.5,1474.5806464153459,4.9290750754400845
1.0,1542.7021642416769,3.2986377879941817
