#ratio,mean,ci
0.25,1268.7568580883785,7.368930986917756
0.5,1317.2303437805933,5.146319092383513
1.0,1382.8256670776818,3.5507423083764187
