#failed,mean_25,mean_50,mean_100,ci_25,ci_50,ci_100
0,335.5841931088184,335.82539975312494,335.8916892725031,0.03860674599702462,0.015193046291811311,0.008630537086753065
1,332.34723218306453,333.8712995806414,333.9623010832693,0.07983766542365636,0.04216509949285378,0.032105305087215624
