#ratio,mean,ci
25,332.3582895768315,0.10488588431122699
50,333.69092617571727,0.05565686015054238
100,333.1836016161832,0.04970457140418035
