#ratio,mean,ci
0.25,335.6679352361876,0.041579842198413576
0.5,335.7278494288387,0.027876169083482984
1.0,335.876577355229,0.013592950654484888
