#ratio,mean,ci
0.25,2402.9526229563007,2.6751300968129867
0.5,2430.4666131267145,1.8095679267441163
1.0,2467.3336435611386,1.176041393976214
