#ratio,mean,ci
0.25,334.1212459016393,0.11196728087942869
0.5,334.6736903279369,0.06329498832644455
1.0,334.90632756034364,0.04235283485771219
