#ratio,mean,ci
0.2,332.7111175701206,0.07861474434606461
0.25,332.4483980622383,0.07470366787761863
0.5,333.5097526149759,0.044498488291173456
1.0,334.38919483742455,0.024979441152974742
