#ratio,mean,ci
0.25,335.59026669262215,0.05440437725030996
0.5,335.83374242703707,0.02081942757925128
1.0,335.89796300863134,0.011835304194567383
