#ratio,mean,ci
25,55.89729022364406,0.4234720295609522
50,54.80454663491264,0.29998082707816887
100,50.140778135090216,0.18792093445553076
