#ratio,mean,ci
25,11.689505753258743,0.07736230683046343
50,11.342919010091855,0.04935069601514606
100,10.348044118705147,0.030038974475209528
