#ratio,mean,ci
25,11.469755153176044,0.0712163215395649
50,11.22185951459168,0.04956576931904676
100,10.363664282103567,0.0295529621796529
