#failed,mean_25,mean_50,mean_100,ci_25,ci_50,ci_100
0,62.63387212191486,61.56108877931236,56.17655624757721,0.3181439359626668,0.22680055919214565,0.14086104085530282
1,28.801870103167843,29.29793632889247,28.504109252985565,0.16271370663360377,0.11259120362120256,0.07743900994483403
