#ratio,mean,ci
0.2,7.977527429556608,0.004800802054310689
0.25,7.814682341369277,0.007094626550395239
0.5,7.637441949941313,0.0036979032918577387
1.0,7.369991150027588,0.0017809113262229473
