#ratio,mean,ci
25,7.8602566155428235,0.015092443162677428
50,7.688463496723156,0.009802726872285101
100,7.372655211477987,0.004096527544516339
