#ratio,mean,ci
25,58.92419378445218,0.5758097358799044
