#ratio,mean,ci
25,11.856053943310283,0.08235818775761218
50,11.653019498023857,0.05462825120598429
100,10.744645914196978,0.033791124512760944
