#ratio,mean,ci
25,7.911487838470362,0.018445871959186413
50,7.723401033084097,0.01031307344223807
100,7.398271706555072,0.005428153708912898
