#ratio,mean,ci
25,4.941462564217446,0.022060765577308575
50,4.833567822741965,0.016275321298888645
100,4.650394373315957,0.009471421482371178
