bw_type,cluster_size,ratio,bw
max,50,25,325.1425832046343
max,50,50,325.36561873472664
max,50,100,324.082274799687
max,100,25,324.72153227097095
max,100,50,326.119595433844
max,100,100,326.21012956419315
max,200,25,323.52025142933564
max,200,50,325.20370896134375
max,200,100,326.89363818211365
min,50,25,11.399290860870716
min,50,50,11.036373061695512
min,50,100,10.41636093989707
min,100,25,10.403179634475743
min,100,50,10.733834955525388
min,100,100,10.983468135146488
min,200,25,11.188190282979749
min,200,50,11.339763734203796
min,200,100,11.463047849928804
min_dl,50,25,11.40719191856691
min_dl,50,50,11.048100566271058
min_dl,50,100,10.430070310748864
min_dl,100,25,10.450727393214981
min_dl,100,50,10.812866630602475
min_dl,100,100,11.102059209615897
min_dl,200,25,11.803982878786627
min_dl,200,50,11.989925315299185
min_dl,200,100,12.22369881218594
min_ul,50,25,150.24052261027134
min_ul,50,50,134.68915358187846
min_ul,50,100,114.43220221249922
min_ul,100,25,122.93784885708911
min_ul,100,50,115.96567517747945
min_ul,100,100,97.60602931567323
min_ul,200,25,102.85950693968752
min_ul,200,50,96.47018020829991
min_ul,200,100,82.58294301401989
