bw_type,cluster_size,ratio,bw
max,50,25,325.1425832046343
max,50,50,325.36561873472664
max,50,100,324.082274799687
max,100,25,324.72153227097095
max,100,50,326.119595433844
max,100,100,326.21012956419315
max,200,25,323.52025142933564
max,200,50,325.20370896134375
max,200,100,326.89363818211365
min,50,25,20.117433314207336
min,50,50,20.812426196259604
min,50,100,21.026614401984663
min,100,25,22.110115513890246
min,100,50,22.529629860726985
min,100,100,22.54213739678219
min,200,25,21.165727772335625
min,200,50,21.47116264509744
min,200,100,21.35277511950157
min_dl,50,25,20.29918234606022
min_dl,50,50,21.068718196231707
min_dl,50,100,21.36957941417245
min_dl,100,25,23.527454934497786
min_dl,100,50,24.10339296350852
min_dl,100,100,24.443986287547048
min_dl,200,25,24.954881079122234
min_dl,200,50,25.307790113461962
min_dl,200,100,25.676208119691047
min_ul,50,25,150.24052261027134
min_ul,50,50,134.68915358187846
min_ul,50,100,114.43220221249922
min_ul,100,25,122.93784885708911
min_ul,100,50,115.96567517747945
min_ul,100,100,97.60602931567323
min_ul,200,25,102.85950693968752
min_ul,200,50,96.47018020829991
min_ul,200,100,82.58294301401989
