bw_type,cluster_size,ratio,bw
max,50,25,1373.0958129280798
max,50,50,1377.34021094903
max,50,100,1367.095645183047
max,100,25,1369.512529778916
max,100,50,1382.0408990359022
max,100,100,1387.5673015010118
max,200,25,1358.7916747467316
max,200,50,1372.301814551933
max,200,100,1390.8678014355273
min,50,25,89.94647290248393
min,50,50,92.06303360562583
min,50,100,91.50063828653936
min,100,25,97.01154953094827
min,100,50,98.2884399250386
min,100,100,97.87793222237443
min,200,25,91.96467361847849
min,200,50,93.07654182323947
min,200,100,92.64636154795105
min_dl,50,25,90.97433084625847
min_dl,50,50,93.35157011967705
min_dl,50,100,93.1708847773054
min_dl,100,25,103.53289721819894
min_dl,100,50,105.2479857602686
min_dl,100,100,106.25215791712743
min_dl,200,25,108.69952682803017
min_dl,200,50,109.82000743900186
min_dl,200,100,111.38788192235342
min_ul,50,25,639.4493772418077
min_ul,50,50,571.9521489840082
min_ul,50,100,483.4454932460445
min_ul,100,25,525.2233450114198
min_ul,100,50,494.86768185941764
min_ul,100,100,415.96187409236904
min_ul,200,25,440.42681725518304
min_ul,200,50,412.76501315761374
min_ul,200,100,353.1567112038315
