bw_type,cluster_size,ratio,bw
max,50,25,1373.0958129280798
max,50,50,1377.34021094903
max,50,100,1367.095645183047
max,100,25,1369.512529778916
max,100,50,1382.0408990359022
max,100,100,1387.5673015010118
max,200,25,1358.7916747467316
max,200,50,1372.301814551933
max,200,100,1390.8678014355273
min,50,25,72.00104676605028
min,50,50,68.25817007518678
min,50,100,64.59529048262488
min,100,25,70.79111060945307
min,100,50,69.22419672682928
min,100,100,68.20601366722926
min,200,25,67.82926266691656
min,200,50,68.23339954436764
min,200,100,68.15220749824599
min_dl,50,25,72.24045889216056
min_dl,50,50,68.49825042583863
min_dl,50,100,64.82960710917233
min_dl,100,25,72.78220910019954
min_dl,100,50,71.38294172499035
min_dl,100,100,70.66798681420599
min_dl,200,25,75.22323906620097
min_dl,200,50,75.54973231264502
min_dl,200,100,76.31066500346488
min_ul,50,25,639.4493772418077
min_ul,50,50,571.9521489840082
min_ul,50,100,483.4454932460445
min_ul,100,25,525.2233450114198
min_ul,100,50,494.86768185941764
min_ul,100,100,415.96187409236904
min_ul,200,25,440.42681725518304
min_ul,200,50,412.76501315761374
min_ul,200,100,353.1567112038315
