#cluster_size,ratio,fiber_cost_mean,fiber_cost_ci,transport_cost_mean,transport_cost_ci,unplanned_cost_mean,unplanned_cost_ci,power_consumption_mean,power_consumption_ci,capex_mean,capex_ci,recurring,sum
50,25,4.905921114933871,0.05734997008647061,13.315623700569637,0.4276282726608472,1.5450099605899563,0.016177287494273364,5.953752140705263,0.038264741893406305,23.172333439326398,0.25698681295128867,19.766554776093464,42.938888215419865
50,50,4.679678883023482,0.03704260112259185,7.81456769143678,0.3232838796476864,1.2836838824916807,0.012529499885217711,5.079679843384564,0.038597801072837966,19.209496621496164,0.1796973605155165,13.777930456951944,32.98742707844811
50,100,4.642806966388182,0.048133299603191286,5.4057305320026,0.30617031780934634,0.9886377844511695,0.01272634300515632,4.054740547667281,0.04025713948572114,15.520248286670924,0.1460937570681925,11.037175282841952,26.557423569512878
100,25,5.18469504941409,0.08596427682745866,14.311968545090197,0.542339014101526,1.526511644508965,0.019845934541471655,5.640469782835552,0.038851971556256124,20.66255879922679,0.25047893553737915,21.023175239013252,41.68573403824004
100,50,4.654471987904689,0.04621994984379344,7.668233649152484,0.33788195745633715,1.2913190002948918,0.013578527615743597,4.722295470187107,0.039391996254975754,16.631592307119224,0.1800982942396471,13.614024637352063,30.245616944471287
100,100,4.530361611913378,0.029953615364896078,4.558259255214551,0.23460670884652984,0.9850444128067103,0.010861810200793078,3.7111825687259454,0.03708120222519209,12.97141007231342,0.13802600623913797,10.07366527993464,23.04507535224806
200,25,4.931104669849962,0.08221962556775339,13.400680353393494,0.47363305657196825,1.5983644263978933,0.020975906622690867,5.462754279308865,0.035848939085081986,18.544802941442253,0.18736506474988548,19.93014944964135,38.474952391083605
200,50,4.898584775435223,0.06992298925979894,8.229427956217556,0.40061020510703027,1.2721085371149188,0.016441372158762995,4.598642886670251,0.038153859277588444,15.450085771363243,0.1669377085343543,14.400121268767698,29.85020704013094
200,100,4.508725613532188,0.034411966855664694,4.560708404221578,0.2404465720959662,0.9944413500273112,0.011107520912239462,3.567378065720843,0.037273126994698355,11.753758403758006,0.13206462845356665,10.063875367781076,21.817633771539082
