#cluster_size,ratio,fiber_cost_mean,fiber_cost_ci,transport_cost_mean,transport_cost_ci,unplanned_cost_mean,unplanned_cost_ci,power_consumption_mean,power_consumption_ci,capex_mean,capex_ci,recurring,sum
50,25,7.914853986464262,0.07608229781199172,14.5892422806649,0.6085136720545562,3.591980393474112,0.025794639774513194,5.953278330577121,0.03826315826644021,28.123373061625337,0.5476928421943914,26.096076660603277,54.21944972222862
50,50,7.6717749125914985,0.04965755905661692,9.336128273311427,0.4696507282159263,3.0588238871598947,0.02217419568433653,5.079085143577389,0.03857690590878525,22.182718884514784,0.31397417023225804,20.06672707306282,42.249445957577606
50,100,7.686242683465859,0.07293001977480758,6.0437394819837325,0.37410472599345745,2.4359047147916684,0.02500449372443549,4.05417732582923,0.04026222665286315,17.439263353369093,0.19657363099591,16.16588688024126,33.60515023361035
100,25,8.344503895940775,0.11589896775158141,15.621402172981517,0.7000433201957672,3.347923302315151,0.031639358008144616,5.639638979157318,0.038820599142570265,24.551347148666135,0.519920139150487,27.313829371237446,51.865176519903585
100,50,7.627822869890692,0.0625362213897029,9.160529663778574,0.4830754483075073,2.8786638701580674,0.023956236973184226,4.721039520287937,0.039326517936727055,19.000130370938848,0.29953085740568514,19.667016403827333,38.66714677476618
100,100,7.516246743837788,0.04496168768176651,5.081826897444185,0.19492428968997402,2.253537742135539,0.0205344786891164,3.709906791518664,0.037084528990266666,14.407647875133305,0.19258428519570384,14.851611383417511,29.259259258550816
200,25,7.9524671112044505,0.11432054823838868,14.82355505746364,0.6951812787799,3.3624212290118924,0.03418261013487467,5.449956083302173,0.03599463926657585,20.917768856163107,0.34702208630829046,26.138443397679985,47.05621225384309
200,50,8.022808509808742,0.1019234711596198,9.978443195752819,0.5892263591743182,2.7272321692770483,0.028188019764246328,4.5897286890233415,0.03822491828516712,17.32195024147317,0.2819406713055701,20.72848387483861,38.05043411631178
200,100,7.478902170566328,0.052047662554266585,5.092638559804088,0.199130563295431,2.166470646806982,0.02106598702051439,3.5605870365689007,0.037150021363609446,12.903577676829098,0.1768105737540058,14.738011377177397,27.641589054006495
