#cluster_size,ratio,fiber_cost_mean,fiber_cost_ci,transport_cost_mean,transport_cost_ci,unplanned_cost_mean,unplanned_cost_ci,power_consumption_mean,power_consumption_ci,capex_mean,capex_ci,recurring,sum
50,25,11.020903686481661,0.11590982904091747,17.274761945348455,0.8455470458688192,3.592817670170874,0.025793600426863277,5.955116255927924,0.03827977163314673,28.126417616995077,0.5477513258158588,31.888483302000992,60.01490091899607
50,50,10.728098943357647,0.06777062971337136,9.88539899894691,0.4218900500290175,3.0599628068096356,0.02220620382016147,5.081509121339133,0.03864426369635231,22.1867342459153,0.3141031449998969,23.67346074911419,45.86019499502949
50,100,10.768632357294916,0.09647560407177548,6.957740105303733,0.3967919469771221,2.4371462880821197,0.02498108347804998,4.05668512362559,0.04020216601534631,17.443417564117524,0.19657437275558848,20.163518750680765,37.60693631479829
100,25,11.612895053825186,0.16314231305961027,18.806664904236943,1.033728703493435,3.350865044632838,0.03176073982570975,5.645588923865514,0.03891591805722035,24.561203335753973,0.5199253251639605,33.77042500269497,58.331628338448944
100,50,10.669597557342083,0.08776693703974207,9.772364985608801,0.43107231786303385,2.8837505348572696,0.024056736680235353,4.731632447480934,0.039387480845428785,19.017687273603187,0.29945211540358824,23.325713077808153,42.34340035141134
100,100,10.540136953064456,0.06051432645374714,6.00888814437147,0.1508904600795014,2.2606376685607534,0.020604924173375293,3.724509630450269,0.03706356256752274,14.431842542285048,0.19233720395083814,18.80966276599668,33.24150530828173
200,25,11.084632791070018,0.17176881384086032,17.54635826790363,0.9273932218548929,3.3906086254732095,0.034775843219853525,5.507542360377481,0.036257794870956844,21.013161527588146,0.34694403707135085,32.021599684446855,53.034761212035
200,50,11.221720869848369,0.1413820593111834,10.60620732270211,0.53890314867401,2.748829395327386,0.028782952962067364,4.635909399643694,0.03850753560180429,17.398449393321812,0.28168916466348404,24.576757587877868,41.975206981199676
200,100,10.487961019666004,0.07042350437349736,5.985351442917768,0.15468490720809705,2.1875003196323664,0.021173027975153066,3.606655387659367,0.037117823438927576,12.979890703158603,0.17672328087996372,18.660812782216137,31.64070348537474
