#cluster_size,ratio,fiber_cost_mean,fiber_cost_ci,transport_cost_mean,transport_cost_ci,unplanned_cost_mean,unplanned_cost_ci,power_consumption_mean,power_consumption_ci,capex_mean,capex_ci,recurring,sum
50,25,1.8292799862853384,0.03275579330111808,10.669266202948998,0.5599069619710814,1.5447761166231204,0.016190049588805516,5.952872699710992,0.038268547678622734,23.170876629994993,0.2569608044703787,14.043322305857457,37.21419893585245
50,50,1.6545886548347721,0.017550543952984256,5.714106513478696,0.22961800241105007,1.2833092479571298,0.012513722267086335,5.078383568623135,0.038546342697141765,19.20734931976607,0.1795908751655349,8.652004416270598,27.859353736036667
50,100,1.6214213453770483,0.019383772237237865,3.891144086927776,0.22852921185092495,0.988182501344472,0.012718718283675658,4.0532137426298815,0.04023429050834709,15.517719107521657,0.14601576683385217,6.500747933649296,22.018467041170954
100,25,1.937390424896249,0.043069407549370956,11.69461057032002,0.686640829668657,1.5253796855543766,0.019791009334594666,5.636907507991214,0.03873972534601325,20.656657828873957,0.2502430802015585,15.157380680770645,35.814038509644604
100,50,1.6470655555730895,0.02033390598336708,5.6390463734579965,0.23602287080162979,1.2900755122883836,0.013546478389892475,4.718151250727767,0.03931303276133311,16.62471780118542,0.17988851608293502,8.576187441319469,25.200905242504888
100,100,1.5708966688623436,0.011316091431058868,3.2357792108182633,0.0996934492277961,0.9834438368454875,0.01085636704316939,3.7053204982842085,0.03704658159541399,12.961689701917111,0.13788564723980318,5.790119716526094,18.751809418443205
200,25,1.8455164706707974,0.04279420913309425,10.797098214545866,0.607883053240776,1.5878320747104953,0.02064729614404763,5.429365446350407,0.03558408752688951,18.489493757840986,0.18771697255713274,14.230446759927158,32.719940517768144
200,50,1.733325977899301,0.02884449105374091,6.108657738277706,0.2970065550798342,1.2611990354285452,0.016041978982694827,4.562666616334551,0.037993534122590246,15.390490452660078,0.16672347902076956,9.103182751605551,24.49367320426563
200,100,1.5632134968766291,0.012618239162459995,3.213377717971795,0.10312970562203352,0.9835457475091766,0.01097525525507009,3.529920728981687,0.037402126673357065,11.691709672749704,0.13218431880793838,5.760136962357601,17.451846635107305
