#cluster_size,ratio,fiber_cost_mean,fiber_cost_ci,transport_cost_mean,transport_cost_ci,unplanned_cost_mean,unplanned_cost_ci,power_consumption_mean,power_consumption_ci,capex_mean,capex_ci,recurring,sum
50,25,4.905921114933871,0.05734997008647061,13.315623700569637,0.4276282726608472,3.591811774053279,0.025798806275673634,5.952872699710992,0.038268547678622734,28.122701127027415,0.5476888509066766,21.813356589556786,49.9360577165842
50,50,4.679678883023482,0.03704260112259185,7.81456769143678,0.3232838796476864,3.0584982706625174,0.022161741531852144,5.078383568623135,0.038546342697141765,22.181556713378008,0.3139269536599953,15.552744845122781,37.73430155850079
50,100,4.642806966388182,0.048133299603191286,5.4057305320026,0.30617031780934634,2.4354556970968075,0.02499410439647181,4.0532137426298815,0.04023429050834709,17.437667161008786,0.19649878650647815,12.48399319548759,29.921660356496375
100,25,5.18469504941409,0.08596427682745866,14.311968545090197,0.542339014101526,3.346675001217162,0.03158361748908369,5.637141378627199,0.03873346881137939,24.54720982986692,0.5198167177575481,22.84333859572145,47.390548425588364
100,50,4.654471987904689,0.04621994984379344,7.668233649152484,0.33788195745633715,2.877652261668833,0.023942937390243824,4.718874088357988,0.039307921170422776,18.9965432952139,0.29951074867158467,15.200357898726006,34.19690119393991
100,100,4.530361611913378,0.029953615364896078,4.558259255214551,0.23460670884652984,2.2521373473134334,0.020528600615019824,3.706744682462571,0.03706039079605381,14.402404847824371,0.1924966726848711,11.340758214441362,25.743163062265733
200,25,4.931104669849962,0.08221962556775339,13.400680353393494,0.47363305657196825,3.3527473181102367,0.03381478219427226,5.430397549238164,0.03560356786444574,20.885369803675598,0.34694132753541485,21.68453234135369,42.56990214502929
200,50,4.898584775435223,0.06992298925979894,8.229427956217556,0.40061020510703027,2.715257106244773,0.027803704973338672,4.564551875654943,0.038071811479991335,17.28024441141855,0.2820683136451568,15.843269837897552,33.1235142493161
200,100,4.508725613532188,0.034411966855664694,4.560708404221578,0.2404465720959662,2.153266292330148,0.02108097433598882,3.531664089663116,0.03744353784701062,12.855666311292842,0.17727087968809302,11.222700310083914,24.078366621376755
