#cluster_size,ratio,fiber_cost_mean,fiber_cost_ci,transport_cost_mean,transport_cost_ci,unplanned_cost_mean,unplanned_cost_ci,power_consumption_mean,power_consumption_ci,capex_mean,capex_ci,recurring,sum
50,25,1.8292799862853384,0.03275579330111808,10.669266202948998,0.5599069619710814,3.591811774053279,0.025798806275673634,5.952872699710992,0.038268547678622734,28.122701127027415,0.5476888509066766,16.090357963287616,44.21305909031503
50,50,1.6545886548347721,0.017550543952984256,5.714106513478696,0.22961800241105007,3.0584982706625174,0.022161741531852144,5.078383568623135,0.038546342697141765,22.181556713378008,0.3139269536599953,10.427193438975987,32.60875015235399
50,100,1.6214213453770483,0.019383772237237865,3.891144086927776,0.22852921185092495,2.4354556970968075,0.02499410439647181,4.0532137426298815,0.04023429050834709,17.437667161008786,0.19649878650647815,7.948021129401631,25.385688290410418
100,25,1.937390424896249,0.043069407549370956,11.69461057032002,0.686640829668657,3.346556325214716,0.03157844035598624,5.636907507991214,0.03873972534601325,24.54682241908318,0.5198397773526188,16.978557320430983,41.525379739514165
100,50,1.6470655555730895,0.02033390598336708,5.6390463734579965,0.23602287080162979,2.8773151077616297,0.023945423956649992,4.718151250727767,0.03931303276133311,18.99534590208388,0.29951499561721834,10.163427036792715,29.158772938876595
100,100,1.5708966688623436,0.011316091431058868,3.2357792108182633,0.0996934492277961,2.2515795981152458,0.020530669842670886,3.7053204982842085,0.03704658159541399,14.400045661916284,0.19241112447513517,7.058255477795853,21.458301139712137
200,25,1.8455164706707974,0.04279420913309425,10.797098214545866,0.607883053240776,3.352142036531928,0.03381250203393708,5.429091835183031,0.0355912742005766,20.883206865591,0.3469293126939929,15.994756721748592,36.87796358733959
200,50,1.733325977899301,0.02884449105374091,6.108657738277706,0.2970065550798342,2.713999704918897,0.027763936151314714,4.5618089783390445,0.03797429062467593,17.275700754219354,0.281902375663299,10.555983421095902,27.831684175315257
200,100,1.5632134968766291,0.012618239162459995,3.213377717971795,0.10312970562203352,2.152053967847275,0.021068613999152733,3.528915511130976,0.03738941669871733,12.851113243059944,0.17715651198237664,6.9286451826957,19.779758425755645
