#cluster_size,ratio,fiber_cost_mean,fiber_cost_ci,transport_cost_mean,transport_cost_ci,unplanned_cost_mean,unplanned_cost_ci,power_consumption_mean,power_consumption_ci,capex_mean,capex_ci,recurring,sum
50,25,7.914853986464262,0.07608229781199172,14.5892422806649,0.6085136720545562,1.5461246215038524,0.016195475691470486,5.95750768804578,0.0383058353687416,23.17855456893696,0.2570874374870669,24.050220888633017,47.22877545756998
50,50,7.6717749125914985,0.04965755905661692,9.336128273311427,0.4696507282159263,1.2851195770314252,0.012567227060264656,5.084261839758495,0.03860819126813866,19.217098001676135,0.17985900828039517,18.29302276293435,37.510120764610484
50,100,7.686242683465859,0.07293001977480758,6.0437394819837325,0.37410472599345745,0.990888300895045,0.012697114153577202,4.061820208965652,0.040053052167259046,15.53197586897587,0.1460263658580054,14.720870466344637,30.252846335320505
100,25,8.344503895940775,0.11589896775158141,15.621402172981517,0.7000433201957672,1.5355053759924413,0.02022880080319208,5.668982437225804,0.039138171207158574,20.709790508061655,0.2505879198170603,25.501411444914737,46.211201952976396
100,50,7.627822869890692,0.0625362213897029,9.160529663778574,0.4830754483075073,1.3034749011971198,0.013796635353102831,4.762872078192212,0.03923294770319887,16.698808165333354,0.1798035239833585,18.091827434866385,34.790635600199735
100,100,7.516246743837788,0.04496168768176651,5.081826897444185,0.19492428968997402,0.9996276985324795,0.011091806946374334,3.7605697541362595,0.03694527054948909,13.0532603726779,0.1379585615321045,13.597701339814453,26.650961712492354
200,25,7.9524671112044505,0.11432054823838868,14.82355505746364,0.6951812787799,1.6337228968421722,0.021671725055542997,5.578626475397663,0.03741296972521919,18.73674725335429,0.18947976101065453,24.409745065510265,43.14649231886456
200,50,8.022808509808742,0.1019234711596198,9.978443195752819,0.5892263591743182,1.3013462943970242,0.01727704703116013,4.697781813014398,0.038918359649514775,15.614311130363454,0.16801189255904114,19.302597999958586,34.91690913032204
200,100,7.478902170566328,0.052047662554266585,5.092638559804088,0.199130563295431,1.0230534420077115,0.011391893236206544,3.666634863305441,0.03727291934847125,11.918179018521947,0.13220053455118225,13.594594172378127,25.512773190900074
