#cluster_size,ratio,fiber_cost_mean,fiber_cost_ci,transport_cost_mean,transport_cost_ci,unplanned_cost_mean,unplanned_cost_ci,power_consumption_mean,power_consumption_ci,capex_mean,capex_ci,recurring,sum
50,25,3.370831046566392,0.04579428818895123,11.588624526958107,0.48504948966631434,3.591811774053279,0.025798806275673634,5.952872699710992,0.038268547678622734,28.122701127027415,0.5476888509066766,18.551267347577777,46.67396847460519
50,50,3.181474687620332,0.02327832608409883,6.606744822647861,0.19758513087754068,3.0584982706625174,0.022161741531852144,5.078383568623135,0.038546342697141765,22.181556713378008,0.3139269536599953,12.84671778093071,35.02827449430872
50,100,3.144761918355304,0.032849615207807166,5.28714450545504,0.2851045949187461,2.4354556970968075,0.02499410439647181,4.0532137426298815,0.04023429050834709,17.437667161008786,0.19649878650647815,10.867362120907153,28.30502928191594
100,25,3.5674040916972953,0.06613477373177346,12.611362814711125,0.6151495903697803,3.346556325214716,0.03157844035598624,5.636907507991214,0.03873972534601325,24.54682241908318,0.5198397773526188,19.525323231623137,44.07214565070632
100,50,3.1631310556760805,0.02853328478638399,6.484724587031798,0.20714932601594116,2.8773151077616297,0.023945423956649992,4.718151250727767,0.03931303276133311,18.99534590208388,0.29951499561721834,12.525170750469508,31.52051665255339
100,100,3.064419586675092,0.020939834955036193,4.558259255214551,0.23460670884652984,2.2515795981152458,0.020530669842670886,3.7053204982842085,0.03704658159541399,14.400045661916284,0.19241112447513517,9.874258440004889,24.274304101921174
200,25,3.3964362332129143,0.06299477600745283,11.710481725459507,0.5366933261570618,3.3522828018743023,0.03381537646876794,5.429365446350407,0.03558408752688951,20.883660107257477,0.3469055309660662,18.459200760546725,39.342860867804205
200,50,3.3314600584490295,0.04740890839024095,6.936424393043294,0.2627987117462094,2.714456990850638,0.027773241867481376,4.562849151428231,0.03800176984658427,17.27742381906677,0.2819644011980601,12.98234144234296,30.25976526140973
200,100,3.0499706253273446,0.023828242982344237,4.560708404221578,0.2404465720959662,2.152506612765374,0.02106737643296405,3.5299957901418253,0.03740258743860618,12.852902744065444,0.17719434251819893,9.763185642314296,22.61608838637974
