bw_type,cluster_size,ratio,bw
max,50,25,325.1425832046343
max,50,50,325.36561873472664
max,50,100,324.082274799687
max,100,25,324.72153227097095
max,100,50,326.119595433844
max,100,100,326.21012956419315
max,200,25,323.52025142933564
max,200,50,325.20370896134375
max,200,100,326.89363818211365
min,50,25,13.080481668441598
min,50,50,12.742084806871736
min,50,100,12.427683170508589
min,100,25,13.223566148619252
min,100,50,12.953895878366284
min,100,100,12.960640337258072
min,200,25,13.327213394871622
min,200,50,13.495062443752666
min,200,100,13.489945718734571
min_dl,50,25,13.091946663110553
min_dl,50,50,12.757637151291641
min_dl,50,100,12.446237399296468
min_dl,100,25,13.395636732013356
min_dl,100,50,13.17959778235381
min_dl,100,100,13.230360886267784
min_dl,200,25,14.39676444224647
min_dl,200,50,14.602643746521474
min_dl,200,100,14.740470517888584
min_ul,50,25,150.24052261027134
min_ul,50,50,134.68915358187846
min_ul,50,100,114.43220221249922
min_ul,100,25,122.93784885708911
min_ul,100,50,115.96567517747945
min_ul,100,100,97.60602931567323
min_ul,200,25,102.85950693968752
min_ul,200,50,96.47018020829991
min_ul,200,100,82.58294301401989
