#cluster_size,ratio,fiber_cost_mean,fiber_cost_ci,transport_cost_mean,transport_cost_ci,unplanned_cost_mean,unplanned_cost_ci,power_consumption_mean,power_consumption_ci,capex_mean,capex_ci,recurring,sum
50,25,1.8292799862853384,0.03275579330111808,10.669266202948998,0.5599069619710814,2.667176833233383,0.019941975375051036,5.596880582880573,0.03670206176158695,23.37829072126992,0.537892208320882,15.16572302246772,38.544013743737636
50,50,1.6545886548347721,0.017550543952984256,5.714106513478696,0.22961800241105007,2.27386595660058,0.017040250463413384,4.792992111191166,0.03693809087067963,18.26550907911531,0.2963551755902412,9.64256112491405,27.90807020402936
50,100,1.6214213453770483,0.019383772237237865,3.891144086927776,0.22852921185092495,1.837883479972271,0.017392062508559018,3.8415394794776643,0.037991076500835864,14.470442630175777,0.17309422829864615,7.350448912277095,21.82089154245287
100,25,1.937390424896249,0.043069407549370956,11.69461057032002,0.686640829668657,2.453710971163759,0.022318439010687686,5.2672782118355235,0.03670664329687747,19.652695206622624,0.5107789283191195,16.08571196638003,35.738407173002656
100,50,1.6470655555730895,0.02033390598336708,5.6390463734579965,0.23602287080162979,2.0907346090290533,0.018292273057129462,4.445043167335023,0.036722483966978796,14.988077368342925,0.2796095900456647,9.37684653806014,24.364923906403064
100,100,1.5708966688623436,0.011316091431058868,3.2357792108182633,0.0996934492277961,1.6492559351138307,0.015406836429857155,3.528592941148388,0.03499335879542536,11.381162600344435,0.16910890362561198,6.455931814794438,17.83709441513887
200,25,1.8455164706707974,0.04279420913309425,10.797098214545866,0.607883053240776,2.43190469594219,0.02372184262019864,5.117761140473777,0.03312805024052194,15.954459541022498,0.340456447609339,15.074519381158854,31.028978922181352
200,50,1.733325977899301,0.02884449105374091,6.108657738277706,0.2970065550798342,1.9784093131563973,0.02061154833760108,4.334183629293824,0.0365418477950708,13.233068914812133,0.2656865984688796,9.820393029333404,23.05346194414554
200,100,1.5632134968766291,0.012618239162459995,3.213377717971795,0.10312970562203352,1.5665359655828592,0.015656166127803982,3.3944834998249984,0.03527896288373991,9.80938853879878,0.15419039026487152,6.343127180431283,16.152515719230063
