#cluster_size,ratio,fiber_cost_mean,fiber_cost_ci,transport_cost_mean,transport_cost_ci,unplanned_cost_mean,unplanned_cost_ci,power_consumption_mean,power_consumption_ci,capex_mean,capex_ci,recurring,sum
50,25,3.370831046566392,0.04579428818895123,11.588624526958107,0.48504948966631434,2.703584450866471,0.020288963514175237,5.69317494534213,0.03606769368685508,23.44749388368282,0.537507832213758,17.66304002439097,41.11053390807379
50,50,3.181474687620332,0.02327832608409883,6.606744822647861,0.19758513087754068,2.314354185831758,0.017540308769963653,4.900638680476309,0.036204005575170624,18.342894059667724,0.2954724644270055,12.102573696099949,30.445467755767673
50,100,3.144761918355304,0.032849615207807166,5.28714450545504,0.2851045949187461,1.8863331469417193,0.017599966184060484,3.970317769130615,0.03728706813403884,14.56302345212176,0.17260478869052506,10.318239570752064,24.881263022873824
100,25,3.5674040916972953,0.06613477373177346,12.611362814711125,0.6151495903697803,2.527975859989042,0.024227009405499635,5.461636881218185,0.036539380072317953,19.79237352443706,0.5092477996997659,18.70674276639746,38.49911629083452
100,50,3.1631310556760805,0.02853328478638399,6.484724587031798,0.20714932601594116,2.163387036766605,0.01931036264792861,4.6420096433219,0.03750852093251308,15.129638179127799,0.2799477696829129,11.811242679474482,26.94088085860228
100,100,3.064419586675092,0.020939834955036193,4.558259255214551,0.23460670884652984,1.7197131837625252,0.016163162993696127,3.7243253348505228,0.035534033457591215,11.521856194573905,0.1692673599881838,9.342392025652169,20.864248220226074
200,25,3.3964362332129143,0.06299477600745283,11.710481725459507,0.5366933261570618,2.5506811834305196,0.0263343975995506,5.4304582519618885,0.039548388487891724,16.179183278105192,0.3433794722510308,17.657599142102942,33.83678242020814
200,50,3.3314600584490295,0.04740890839024095,6.936424393043294,0.2627987117462094,2.073486882824426,0.023000005819868732,4.5949717484928465,0.03892083877808983,13.420487597556821,0.2659734214524357,12.341371334316749,25.76185893187357
200,100,3.0499706253273446,0.023828242982344237,4.560708404221578,0.2404465720959662,1.6560021879235236,0.016537810794425914,3.6426887391537948,0.03579533017666195,9.987764375659019,0.15440417914111326,9.266681217472446,19.254445593131464
