#cluster_size,ratio,fiber_cost_mean,fiber_cost_ci,transport_cost_mean,transport_cost_ci,unplanned_cost_mean,unplanned_cost_ci,power_consumption_mean,power_consumption_ci,capex_mean,capex_ci,recurring,sum
50,25,4.905921114933871,0.05734997008647061,13.315623700569637,0.4276282726608472,2.7741752514994533,0.021631389354550997,5.879696699364805,0.03697833230151556,23.581540103079345,0.5375848003491785,20.99572006700296,44.577260170082305
50,50,4.679678883023482,0.03704260112259185,7.81456769143678,0.3232838796476864,2.382834531810951,0.018429692338179024,5.088415375697164,0.03701310371036934,18.477855244860795,0.2959874323128816,14.877081106271214,33.35493635113201
50,100,4.642806966388182,0.048133299603191286,5.4057305320026,0.30617031780934634,1.9551639508602658,0.018044809637141897,4.156224276146621,0.03692366023109855,14.696667289978658,0.17293597306365374,12.003701449251048,26.700368739229706
100,25,5.18469504941409,0.08596427682745866,14.311968545090197,0.542339014101526,2.6243755767464854,0.02664838662077701,5.716757106114934,0.03789577708094777,19.97571890320099,0.5083613898163271,22.12103917125077,42.096758074451756
100,50,4.654471987904689,0.04621994984379344,7.668233649152484,0.33788195745633715,2.2550684052507313,0.02093877689756825,4.8896377861518445,0.039090122989095276,15.307611805973512,0.28052941189569136,14.577774042307905,29.885385848281416
100,100,4.530361611913378,0.029953615364896078,4.558259255214551,0.23460670884652984,1.8067372584574521,0.017423847935810553,3.9642337593137618,0.03624781358205032,11.694301589156545,0.16918267817059252,10.895358125585382,22.589659714741927
200,25,4.931104669849962,0.08221962556775339,13.400680353393494,0.47363305657196825,2.6910975525960756,0.029964111676483277,5.797605995880457,0.04794286439550558,16.443038651383873,0.3460499883285956,21.02288257583953,37.465921227223404
200,50,4.898584775435223,0.06992298925979894,8.229427956217556,0.40061020510703027,2.1894835756986635,0.026082395105623934,4.912681820402557,0.04245503324499826,13.648813962097211,0.2663183071816082,15.317496307351442,28.966310269448655
200,100,4.508725613532188,0.034411966855664694,4.560708404221578,0.2404465720959662,1.7635777629224556,0.01806169638731905,3.940062525421932,0.03697472156623112,10.201475811119934,0.15469572904177098,10.833011780676221,21.034487591796157
