#cluster_size,ratio,fiber_cost_mean,fiber_cost_ci,transport_cost_mean,transport_cost_ci,unplanned_cost_mean,unplanned_cost_ci,power_consumption_mean,power_consumption_ci,capex_mean,capex_ci,recurring,sum
50,25,6.474534703146041,0.0672579230372914,13.315623700569637,0.4276282726608472,2.867813903274231,0.02306920605799011,6.128827044501182,0.03793763869539071,23.760580778937573,0.5377010069538145,22.65797230698991,46.418553085927485
50,50,6.205687957189241,0.04318262640393571,9.336128273311427,0.4696507282159263,2.4726597934593606,0.020023613703550467,5.329331212973041,0.03718822930351233,18.651019955379542,0.29512962842226675,18.01447602396003,36.66549597933957
50,100,6.190282242181638,0.05806290510129617,5.674816811832589,0.32299701781125945,2.0488366657697052,0.01926929624632196,4.407023925337319,0.03727710026484839,14.876942702419976,0.17298257552294774,13.913935719783932,28.79087842220391
100,25,6.8417688803514904,0.10619402407050633,14.311968545090197,0.542339014101526,2.7407834394968553,0.029546477831830648,6.026625290653058,0.040556349316879396,20.1984095961244,0.5081691115184305,23.894520864938542,44.09293046106294
100,50,6.17053748800768,0.05493347084635195,9.160529663778574,0.4830754483075073,2.364798386456682,0.022955086068187865,5.185481451822495,0.04096132749315651,15.520231960646237,0.2808381440073853,17.695865538242934,33.21609749888917
100,100,6.050304718599502,0.03567905399418658,4.854979255101793,0.20951862258551643,1.909659335534142,0.019321542859688644,4.247377395927466,0.037760155354932066,11.897810195729932,0.1691285608642988,12.814943309235437,24.71275350496537
200,25,6.509293203794176,0.09989680836321746,13.400680353393494,0.47363305657196825,2.8526040506072095,0.03403905590823935,6.219329470570379,0.05706972232917911,16.746115564364633,0.34884256761637894,22.762577607794878,39.50869317215951
200,50,6.49671885598495,0.08904954569887152,9.978443195752819,0.5892263591743182,2.322488825716923,0.02968037605004468,5.276685312098502,0.046899568609117655,13.910409678718255,0.2666595191803446,18.797650877454693,32.708060556172946
200,100,6.020147182361485,0.04120882707037577,4.866431080221867,0.2139676345351856,1.8871044280059168,0.020161518486635756,4.280974598778249,0.038775283415189855,10.446476587675408,0.15508779647603332,12.773682690589268,23.220159278264674
