#cluster_size,ratio,fiber_cost_mean,fiber_cost_ci,transport_cost_mean,transport_cost_ci,unplanned_cost_mean,unplanned_cost_ci,power_consumption_mean,power_consumption_ci,capex_mean,capex_ci,recurring,sum
50,25,3.370831046566392,0.04579428818895123,11.588624526958107,0.48504948966631434,1.4649246779645915,0.013906570490263469,5.69317494534213,0.03606769368685508,18.495669386650402,0.23638679015176522,16.42438025148909,34.92004963813949
50,50,3.181474687620332,0.02327832608409883,6.606744822647861,0.19758513087754068,1.2313880167325093,0.01142820332803004,4.900638680476309,0.036204005575170624,15.368686666055785,0.15151503250696471,11.019607527000701,26.38829419305649
50,100,3.144761918355304,0.032849615207807166,5.28714450545504,0.2851045949187461,0.9644384406286164,0.011792844464539006,3.970317769130615,0.03728706813403884,12.643075398634632,0.11283821153776673,9.39634486443896,22.039420263073595
100,25,3.5674040916972953,0.06613477373177346,12.611362814711125,0.6151495903697803,1.4735254317845803,0.018781312031747707,5.461636881218185,0.036539380072317953,15.902208934227835,0.2309751028409032,17.652292338193,33.554501272420836
100,50,3.1631310556760805,0.02853328478638399,6.484724587031798,0.20714932601594116,1.266898418230059,0.012620401453873168,4.6420096433219,0.03750852093251308,12.759010078229332,0.1495292551863991,10.914754060937938,23.673764139167268
100,100,3.064419586675092,0.020939834955036193,4.558259255214551,0.23460670884652984,0.9885737318502335,0.010429721540426101,3.7243253348505228,0.035534033457591215,10.08350023457473,0.1072932807222178,8.611252573739876,18.694752808314604
200,25,3.3964362332129143,0.06299477600745283,11.710481725459507,0.5366933261570618,1.5838917147591682,0.019847206687288,5.4304582519618885,0.039548388487891724,13.785016928688705,0.16814329293767258,16.69080967343159,30.475826602120296
200,50,3.3314600584490295,0.04740890839024095,6.936424393043294,0.2627987117462094,1.2713188609904036,0.01666946281371811,4.5949717484928465,0.03892083877808983,11.533856603713513,0.14117549039599608,11.539203312482726,23.07305991619624
200,100,3.0499706253273446,0.023828242982344237,4.560708404221578,0.2404465720959662,1.0157414235279663,0.010794421733873159,3.6426887391537948,0.03579533017666195,8.826695644463,0.1008940045561008,8.62642045307689,17.45311609753989
