#cluster_size,ratio,fiber_cost_mean,fiber_cost_ci,transport_cost_mean,transport_cost_ci,unplanned_cost_mean,unplanned_cost_ci,power_consumption_mean,power_consumption_ci,capex_mean,capex_ci,recurring,sum
50,25,0.9678883746321744,0.026526674103131236,10.669266202948998,0.5599069619710814,2.665806504071764,0.019923756284305965,5.59306177640166,0.03660650162528973,23.37554628765794,0.5378414800100391,14.302961081652937,37.67850736931088
50,50,0.8963322183562483,0.012878538443344642,5.27694206752385,0.2654547594263931,2.272182895342803,0.016974450511597388,4.788550270325437,0.03685169018529006,18.26231689395529,0.2962928539668005,8.445457181222901,26.707774075178193
50,100,0.8525892835302992,0.014643498989073984,3.413611728903684,0.24329800801070375,1.835679915281366,0.017395443603174722,3.8359102535742657,0.03809347568323982,14.466397115729308,0.17307487148461953,6.101880927715349,20.568278043444657
100,25,1.0231804166436271,0.03036132924312996,11.69461057032002,0.686640829668657,2.4408340087712204,0.021868725495724797,5.234666267457017,0.03683222835714465,19.629258220014744,0.5111216447270673,15.158624995734867,34.78788321574961
100,50,0.8919067423445806,0.014741678088343138,5.17769067952702,0.2730426446955476,2.0740137936081107,0.018158685806921003,4.399998366344639,0.03697935231406254,14.955701215657918,0.2797738183184373,8.143611215479712,23.09931243113763
100,100,0.8168953462208347,0.008590947076739087,2.8040455104385003,0.1144253432164341,1.6303037488124275,0.015255424380992868,3.476855978497773,0.03525064634111546,11.343972796094986,0.1693833505778869,5.251244605471762,16.59521740156675
200,25,0.9812785892731807,0.032579486750607206,10.797098214545866,0.607883053240776,2.388060626652916,0.022933161321393114,5.00327497969924,0.032095515524454964,15.872182612492308,0.33994488985012977,14.166437430471962,30.03862004296427
200,50,0.9422586845508034,0.019760840728783584,5.639989632382028,0.33304098562026674,1.9425264962801199,0.019661944041323733,4.237206529053306,0.03612115011939992,13.163375094252741,0.266051906167404,8.524774813212952,21.688149907465693
200,100,0.8137409846240804,0.009301911785726775,2.8090656874219833,0.11705807572241324,1.5328137863509763,0.015416265268847706,3.300714467911257,0.035228746328003296,9.742000237148018,0.15414717491196664,5.15562045839704,14.897620695545058
