#cluster_size,ratio,fiber_cost_mean,fiber_cost_ci,transport_cost_mean,transport_cost_ci,unplanned_cost_mean,unplanned_cost_ci,power_consumption_mean,power_consumption_ci,capex_mean,capex_ci,recurring,sum
50,25,0.9678883746321744,0.026526674103131236,10.669266202948998,0.5599069619710814,1.4347023205288256,0.01344172205093637,5.59306177640166,0.03660650162528973,18.42372179062552,0.2367925790912912,13.07185689811,31.49557868873552
50,50,0.8963322183562483,0.012878538443344642,5.27694206752385,0.2654547594263931,1.1976509843413456,0.010860677806106884,4.788550270325437,0.03685169018529006,15.288109500343351,0.15189623626000803,7.370925270221443,22.659034770564794
50,100,0.8525892835302992,0.014643498989073984,3.413611728903684,0.24329800801070375,0.923915855300334,0.011640510152967727,3.8359102535742657,0.03809347568323982,12.54644906224218,0.1130218737384694,5.190116867734317,17.736565929976496
100,25,1.0231804166436271,0.03036132924312996,11.69461057032002,0.686640829668657,1.403811950810323,0.016726408144979926,5.234666267457017,0.03683222835714465,15.739093629805518,0.23222037635700551,14.121602937773968,29.860696567579488
100,50,0.8919067423445806,0.014741678088343138,5.17769067952702,0.2730426446955476,1.1953998237032635,0.011550709280349819,4.399998366344639,0.03697935231406254,12.585073114759455,0.14907862384553183,7.264997245574865,19.85007036033432
100,100,0.8168953462208347,0.008590947076739087,2.8040455104385003,0.1144253432164341,0.917046183890155,0.009551543585958912,3.476855978497773,0.03525064634111546,9.905616836095811,0.10682170047439418,4.53798704054949,14.443603876645302
200,25,0.9812785892731807,0.032579486750607206,10.797098214545866,0.607883053240776,1.4537952693370852,0.017140408409434652,5.00327497969924,0.032095515524454964,13.478016263075823,0.1647650023358005,13.232172073156132,26.710188336231955
200,50,0.9422586845508034,0.019760840728783584,5.639989632382028,0.33304098562026674,1.1665505517549586,0.013900851025636509,4.237206529053306,0.03612115011939992,11.276744100409433,0.1398438814041919,7.748798868687791,19.025542969097224
200,100,0.8137409846240804,0.009301911785726775,2.8090656874219833,0.11705807572241324,0.9171907022699284,0.00970948675582513,3.300714467911257,0.035228746328003296,8.580931505952,0.1002425009515588,4.539997374315992,13.120928880267993
